experiment,case_name,wavelength_um,numerical_aperture,projected_mirror_pitch_um,samples_per_mirror,active_side_ratio,n_cd,input_energy,output_energy,energy_transmission,space_center_intensity,line_center_intensity,contrast,threshold_cd_um,nils,left_epe_um,right_epe_um,rmse_to_reference,rasterized_on_width_um,raster_cd_error_um,threshold_cd_error_um,threshold_left_epe_um,threshold_right_epe_um,horizontal_cd_um,vertical_cd_um,central_horizontal_span_um,central_vertical_span_um,ideal_threshold_cd_um,ideal_threshold_cd_error_um,ideal_threshold_left_epe_um,ideal_threshold_right_epe_um,dmd_minus_ideal_threshold_cd_um,dmd_minus_ideal_left_edge_um,dmd_minus_ideal_right_edge_um,threshold_area_um2,centroid_x_um,centroid_y_um,notes
1d_2d_cross_validation,2d_dmd_reference_spm8,0.248,0.85,0.125,8,1.0,4.0,131072.0,124645.40707409618,0.9509689870765394,0.8535781883997927,0.00576343288007575,0.986586398849175,0.42798065307076427,16.02588618086556,nan,nan,0.0005865895701097374,nan,nan,nan,nan,nan,nan,nan,nan,nan,nan,nan,nan,nan,nan,nan,nan,nan,nan,nan,真实一维教材程序比较已完成
grid_convergence,spm16,0.248,0.85,0.125,16,1.0,4.0,nan,nan,nan,0.8543029411117309,0.0057322392136192135,0.9866697564361246,0.4275480362803791,16.007221946141904,nan,nan,0.0009709598854737648,nan,nan,nan,nan,nan,nan,nan,nan,nan,nan,nan,nan,nan,nan,nan,nan,nan,nan,nan,8与16采样/微镜主要指标变化不超过2%
na_sweep,NA_0.20,0.248,0.2,0.125,8,1.0,4.0,131072.0,65535.99999999997,0.4999999999999998,0.24999999999999992,0.24999999999999986,0.0,nan,0.0,nan,nan,nan,nan,nan,nan,nan,nan,nan,nan,nan,nan,nan,nan,nan,nan,nan,nan,nan,nan,nan,nan,仅零级通过，均匀像NILS为0，阈值CD不可定义
na_sweep,NA_0.30,0.248,0.3,0.125,8,1.0,4.0,131072.0,118700.1679656833,0.9056104123358406,1.292485257057219,0.01873430424542033,0.9714246114101459,0.3420359402461478,8.003142034051965,nan,nan,nan,nan,nan,nan,nan,nan,nan,nan,nan,nan,nan,nan,nan,nan,nan,nan,nan,nan,nan,nan,几何最高通过级次=1
na_sweep,NA_0.85,0.248,0.85,0.125,8,1.0,4.0,131072.0,124645.40707409618,0.9509689870765394,0.8535781883997927,0.00576343288007575,0.986586398849175,0.42798065307076427,16.02588618086556,nan,nan,nan,nan,nan,nan,nan,nan,nan,nan,nan,nan,nan,nan,nan,nan,nan,nan,nan,nan,nan,nan,几何最高通过级次=3
dmd_sampling_ratio_example,N_CD_3.50,0.405,0.065,1.7142857142857142,8,0.95,3.5,45790.61759999999,39679.82271901329,0.866549192798249,0.8515408018243734,0.03535292836521358,0.920276968566107,3.7132613647787793,7.043878416736369,0.6857142857142857,-0.1714285714285717,0.06561271178839971,5.142857142857142,-0.8571428571428577,-2.2867386352212207,1.4005121747534672,-0.8862264604677534,nan,nan,nan,nan,4.037124627887303,-1.9628753721126966,1.024294828913491,-0.938580543199206,-0.3238632631085241,0.37621734583997635,0.05235408273145259,nan,nan,nan,示例参数，不代表公司真实设备参数
dmd_sampling_ratio_example,N_CD_2.00,0.405,0.065,3.0,8,0.95,2.0,54270.36159999999,48720.68639303184,0.8977402205669448,0.8942489883949281,0.0019234822435740047,0.9957073391415303,4.106178209371514,21.157444385189677,-1.0499999999999998,-1.0499999999999998,0.23835883386669604,6.0,0.0,-1.8938217906284862,-0.10308910468575627,-1.996910895314243,nan,nan,nan,nan,4.113595305579834,-1.8864046944201656,1.018202347210083,-0.8682023472100826,-0.00741709620832065,-1.1212914518958392,-1.1287085481041603,nan,nan,nan,示例参数，不代表公司真实设备参数
dmd_sampling_ratio_example,N_CD_1.00,0.405,0.065,6.0,8,0.95,1.0,54270.36159999999,50237.55201111525,0.9256903866127043,0.9680213281512069,0.004358776002466241,0.9910348309599362,4.135774748773004,4.494965284502349,0.9000000000000004,0.9000000000000004,0.16452070221998163,6.0,0.0,-1.864225251226996,1.8321126256134983,-0.03211262561349759,nan,nan,nan,nan,4.17107368126479,-1.8289263187352098,1.0644631593676055,-0.7644631593676046,-0.03529893249178606,0.7676494662458929,0.732350533754107,nan,nan,nan,示例参数，不代表公司真实设备参数
2d_cross_pattern_example,cross_6um_width_30um_length,0.405,0.065,3.0,20,0.9499999999999996,nan,12320.999999999982,10563.628687299237,0.857367801907252,nan,nan,nan,3.196995884708638,nan,nan,nan,nan,nan,nan,nan,nan,nan,3.196995884708638,3.1969958847086395,28.256868639892538,28.256868639892538,nan,nan,nan,nan,nan,nan,nan,183.15,1.7458052475678137e-18,-4.469261433773603e-16,示例参数；孤立图形仅评价中央ROI
