reference_group,experiment,case_name,dose_state,dose_scale,on_intensity_scale,off_to_on_intensity_ratio,off_relative_phase_rad,on_amplitude_real,on_amplitude_imag,off_amplitude_real,off_amplitude_imag,evaluation_sample_left_um,evaluation_sample_right_um,threshold_mode,target_cd_um,nominal_baseline_cd_um,nominal_baseline_status,reference_intensity,nominal_threshold_intensity,nominal_threshold_fraction,design_left_intensity,design_right_intensity,intensity_symmetry_tolerance,cd_tolerance_um,threshold_intensity,fixed_left_edge_um,fixed_right_edge_um,fixed_cd_um,cd_error_to_design_um,left_error_to_design_um,right_error_to_design_um,design_edge_nils,nils_status,on_center_intensity,off_center_intensity,center_contrast,contrast_status,dark_max_intensity,dark_exceeds_threshold,dark_sample_left_um,dark_sample_right_um,search_left_um,search_right_um,threshold_status,delta_left_to_baseline_um,delta_right_to_baseline_um,delta_cd_to_baseline_um,delta_cd_to_nominal_baseline_um,same_dose_baseline_cd_um,same_dose_baseline_status,delta_cd_to_same_dose_baseline_um,relative_peak_cd_um
periodic_lines,ratio,ratio_00,,1.0,1.0,0.0,0.0,1.0,0.0,0.0,0.0,-5.953125,5.953125,target_cd,6.0,6.0,VALID,1.0546765820801907,0.20382631104900517,0.1932595399501414,0.20382631104900517,0.20382631104900517,1.0546765820801907e-10,6.000000000000001e-09,0.20382631104900517,-3.0,3.0,6.0,0.0,0.0,0.0,8.018769311400602,VALID,1.0550328604193895,0.015537098562559283,0.9709741555286415,VALID,0.01549389611174918,False,4.546875,7.453125,-6.0,6.0,VALID,0.0,0.0,0.0,0.0,6.0,VALID,0.0,nan
periodic_lines,ratio,ratio_01,,1.0,1.0,0.0001,0.0,1.0,0.0,0.01,0.0,-5.953125,5.953125,target_cd,6.0,6.0,VALID,1.0546765820801907,0.20382631104900517,0.1932595399501414,0.20382631104900517,0.20382631104900517,1.0546765820801907e-10,6.000000000000001e-09,0.20382631104900517,-3.0150281036940503,3.0150281036940503,6.0300562073881006,0.030056207388100553,-0.015028103694050277,0.015028103694050277,7.859981843713257,VALID,1.0524737770394264,0.013081964758781693,0.9754457430134911,VALID,0.013042721488037777,False,4.546875,7.453125,-6.0,6.0,VALID,-0.015028103694050277,0.015028103694050277,0.030056207388100553,0.030056207388100553,6.0,VALID,0.030056207388100553,nan
periodic_lines,ratio,ratio_02,,1.0,1.0,0.01,0.0,1.0,0.0,0.1,0.0,-5.953125,5.953125,target_cd,6.0,6.0,VALID,1.0546765820801907,0.20382631104900517,0.1932595399501414,0.20382631104900517,0.20382631104900517,1.0546765820801907e-10,6.000000000000001e-09,0.20382631104900517,-3.1662333440726576,3.1662333440726576,6.332466688145315,0.3324666881453151,-0.16623334407265755,0.16623334407265755,6.56081157989391,VALID,1.02958186050682,0.00048105626855820415,0.9990659672128297,VALID,0.01463902633052563,False,4.546875,7.453125,-6.0,6.0,VALID,-0.16623334407265755,0.16623334407265755,0.3324666881453151,0.3324666881453151,6.0,VALID,0.3324666881453151,nan
periodic_lines,ratio,ratio_03,,1.0,1.0,0.05,0.0,1.0,0.0,0.22360679774997896,0.0,-5.953125,5.953125,target_cd,6.0,6.0,VALID,1.0546765820801907,0.20382631104900517,0.1932595399501414,0.20382631104900517,0.20382631104900517,1.0546765820801907e-10,6.000000000000001e-09,0.20382631104900517,-3.434086426868336,3.434086426868336,6.868172853736672,0.868172853736672,-0.434086426868336,0.434086426868336,5.088005884447625,VALID,0.9985521293620817,0.011031155598092481,0.9781471112637772,VALID,0.05213224485505208,False,4.546875,7.453125,-6.0,6.0,VALID,-0.434086426868336,0.434086426868336,0.868172853736672,0.868172853736672,6.0,VALID,0.868172853736672,4.653969915913659
periodic_lines,dose,dose_baseline_00,baseline,0.95,1.0,0.0,0.0,1.0,0.0,0.0,0.0,-5.953125,5.953125,target_cd,6.0,6.0,VALID,1.0546765820801907,0.20382631104900517,0.1932595399501414,0.20382631104900517,0.20382631104900517,1.0546765820801907e-10,6.000000000000001e-09,0.21455401163053178,-2.960576162408339,2.960576162408339,5.921152324816678,-0.07884767518332225,0.039423837591661126,-0.039423837591661126,8.018769311400602,VALID,1.0550328604193895,0.015537098562559283,0.9709741555286415,VALID,0.01549389611174918,False,4.546875,7.453125,-6.0,6.0,VALID,0.039423837591661126,-0.039423837591661126,-0.07884767518332225,-0.07884767518332225,5.921152324816678,VALID,0.0,nan
periodic_lines,dose,dose_baseline_01,baseline,1.0,1.0,0.0,0.0,1.0,0.0,0.0,0.0,-5.953125,5.953125,target_cd,6.0,6.0,VALID,1.0546765820801907,0.20382631104900517,0.1932595399501414,0.20382631104900517,0.20382631104900517,1.0546765820801907e-10,6.000000000000001e-09,0.20382631104900517,-3.0,3.0,6.0,0.0,0.0,0.0,8.018769311400602,VALID,1.0550328604193895,0.015537098562559283,0.9709741555286415,VALID,0.01549389611174918,False,4.546875,7.453125,-6.0,6.0,VALID,0.0,0.0,0.0,0.0,6.0,VALID,0.0,nan
periodic_lines,dose,dose_baseline_02,baseline,1.05,1.0,0.0,0.0,1.0,0.0,0.0,0.0,-5.953125,5.953125,target_cd,6.0,6.0,VALID,1.0546765820801907,0.20382631104900517,0.1932595399501414,0.20382631104900517,0.20382631104900517,1.0546765820801907e-10,6.000000000000001e-09,0.19412029623714777,-3.035669186392455,3.035669186392455,6.07133837278491,0.0713383727849104,-0.0356691863924552,0.0356691863924552,8.018769311400602,VALID,1.0550328604193895,0.015537098562559283,0.9709741555286415,VALID,0.01549389611174918,False,4.546875,7.453125,-6.0,6.0,VALID,-0.0356691863924552,0.0356691863924552,0.0713383727849104,0.0713383727849104,6.07133837278491,VALID,0.0,nan
periodic_lines,dose,dose_baseline_03,baseline,1.2,1.0,0.0,0.0,1.0,0.0,0.0,0.0,-5.953125,5.953125,target_cd,6.0,6.0,VALID,1.0546765820801907,0.20382631104900517,0.1932595399501414,0.20382631104900517,0.20382631104900517,1.0546765820801907e-10,6.000000000000001e-09,0.16985525920750433,-3.130149380216328,3.130149380216328,6.260298760432656,0.2602987604326561,-0.13014938021632805,0.13014938021632805,8.018769311400602,VALID,1.0550328604193895,0.015537098562559283,0.9709741555286415,VALID,0.01549389611174918,False,4.546875,7.453125,-6.0,6.0,VALID,-0.13014938021632805,0.13014938021632805,0.2602987604326561,0.2602987604326561,6.260298760432656,VALID,0.0,nan
periodic_lines,dose,dose_representative_00,representative,0.95,1.0,0.01,0.0,1.0,0.0,0.1,0.0,-5.953125,5.953125,target_cd,6.0,6.0,VALID,1.0546765820801907,0.20382631104900517,0.1932595399501414,0.20382631104900517,0.20382631104900517,1.0546765820801907e-10,6.000000000000001e-09,0.21455401163053178,-3.1227441124635154,3.1227441124635154,6.245488224927031,0.2454882249270307,-0.12274411246351535,0.12274411246351535,6.56081157989391,VALID,1.02958186050682,0.00048105626855820415,0.9990659672128297,VALID,0.01463902633052563,False,4.546875,7.453125,-6.0,6.0,VALID,-0.12274411246351535,0.12274411246351535,0.2454882249270307,0.2454882249270307,5.921152324816678,VALID,0.32433590011035296,nan
periodic_lines,dose,dose_representative_01,representative,1.0,1.0,0.01,0.0,1.0,0.0,0.1,0.0,-5.953125,5.953125,target_cd,6.0,6.0,VALID,1.0546765820801907,0.20382631104900517,0.1932595399501414,0.20382631104900517,0.20382631104900517,1.0546765820801907e-10,6.000000000000001e-09,0.20382631104900517,-3.1662333440726576,3.1662333440726576,6.332466688145315,0.3324666881453151,-0.16623334407265755,0.16623334407265755,6.56081157989391,VALID,1.02958186050682,0.00048105626855820415,0.9990659672128297,VALID,0.01463902633052563,False,4.546875,7.453125,-6.0,6.0,VALID,-0.16623334407265755,0.16623334407265755,0.3324666881453151,0.3324666881453151,6.0,VALID,0.3324666881453151,nan
periodic_lines,dose,dose_representative_02,representative,1.05,1.0,0.01,0.0,1.0,0.0,0.1,0.0,-5.953125,5.953125,target_cd,6.0,6.0,VALID,1.0546765820801907,0.20382631104900517,0.1932595399501414,0.20382631104900517,0.20382631104900517,1.0546765820801907e-10,6.000000000000001e-09,0.19412029623714777,-3.2065636466898058,3.2065636466898058,6.4131272933796115,0.4131272933796115,-0.20656364668980576,0.20656364668980576,6.56081157989391,VALID,1.02958186050682,0.00048105626855820415,0.9990659672128297,VALID,0.01463902633052563,False,4.546875,7.453125,-6.0,6.0,VALID,-0.20656364668980576,0.20656364668980576,0.4131272933796115,0.4131272933796115,6.07133837278491,VALID,0.3417889205947011,nan
periodic_lines,dose,dose_representative_03,representative,1.2,1.0,0.01,0.0,1.0,0.0,0.1,0.0,-5.953125,5.953125,target_cd,6.0,6.0,VALID,1.0546765820801907,0.20382631104900517,0.1932595399501414,0.20382631104900517,0.20382631104900517,1.0546765820801907e-10,6.000000000000001e-09,0.16985525920750433,-3.312243881686163,3.312243881686163,6.624487763372326,0.6244877633723256,-0.3122438816861628,0.3122438816861628,6.56081157989391,VALID,1.02958186050682,0.00048105626855820415,0.9990659672128297,VALID,0.01463902633052563,False,4.546875,7.453125,-6.0,6.0,VALID,-0.3122438816861628,0.3122438816861628,0.6244877633723256,0.6244877633723256,6.260298760432656,VALID,0.3641890029396695,nan
